Apple iPhone 11 Pro, 64GB, Space Gray - Fully Unlocked (Renewed);"
$799.96
"
Apple iPhone XS, 256GB , Space Gray - Fully Unlocked (Renewed);"
$529.00
"
OnePlus 8 Pro Onyx Black,â€‹ 5G Unlocked Android Smartphone U.S Version, 12GB RAM+256GB Storage, 120Hz Fluid Display,Quad Camera, Wireless Charge, with Alexa Built-in;"
$799.99
"
Apple iPhone X, 256GB, Silver - Fully Unlocked (Renewed);"
$499.99
"
Samsung Electronics Galaxy Note 20 Ultra 5G Factory Unlocked Android Cell Phone, US Version, 128GB of Storage, Mobile Gaming Smartphone, Long-Lasting Battery, Mystic Bronze;"
$1,049.99
"
"Samsung Galaxy S20+ Plus (SM-G985F/DS) Dual SIM 128GB, 6.7"" Display, Factory Unlocked GSM, International Version - No Warranty - Cloud Blue";"
$709.50
"
Super Small Mini Smartphone 3G Dual SIM Mobile Phone 1GB RAM 8GB ROM 5.0MP Quad Core Dual Standby Unlocked Children Phone Pocket Cellphone (Black);"
$88.99
"
Apple iPhone 7 32GB, Rose Gold (Renewed);"
$194.99
"
Apple iPhone 8 Plus, GSM Unlocked, 64GB - Space Gray (Refurbished);"
$338.99
"
"Samsung Galaxy A71 (128GB, 6GB) 6.7"", 64MP Quad Camera, 25W Fast Charger, Android 10, GSM Unlocked US + Global 4G LTE International Model A715F/DS (128GB + 64GB SD + Case Bundle, Prism Crush Black)";"
$355.99
"
Samsung Galaxy Note 10 Lite N770F 128GB Dual-SIM GSM Unlocked Phone (International Variant/US Compatible LTE) - Aura Glow;"
$434.00
"
Apple MGKL2LL/A iPad Air 2 64GB, Wi-Fi, (Space Gray) (Renewed);"
$269.99
"
Samsung Galaxy Note 10 Lite N770F 128GB Dual-SIM GSM Unlocked Phone (International Variant/US Compatible LTE) - Aura Glow;"
$434.00
"
Xiaomi Redmi Note 8 128GB 4GB RAM 48MP Factory Unlocked Global Version Dual SIM Smartphone (Space Black);"
$204.50
"
OnePlus 7 Pro US Model GM1915 8GB RAM 256GB ROM T-Mobile Unlocked Single SIM Mirror Gray (Renewed);"
$380.00
"
Moto G8+ plus | Unlocked | International GSM only | 4/64GB | 25MP Camera | 2019 | Blue;"
$179.99
"
"Samsung Galaxy A11 6.4"" A115M/DS 32GB 2GB RAM (GSM Only, No CDMA) International Version - No Warranty (Black)";"
$134.00
"
Apple iPad Air 2, 16GB, 4G + Wi-Fi - Gold (Renewed);"
$284.95
"
"Samsung Galaxy Note 10+, 256GB, Aura Black - For AT&amp;T / T-Mobile (Renewed)";"
$620.00
"
Samsung Galaxy S10, 128GB, Prism Black - Fully Unlocked (Renewed);"
$449.00
"
"Samsung Galaxy S9+, 64GB, Midnight Black - For AT&amp;T / T-Mobile (Renewed)";"
$299.99
"
"Samsung Galaxy Note 9, 128GB, Ocean Blue - For AT&amp;T / T-Mobile (Renewed)";"
$394.00
"
Ulefone Armor X7 PRO(2020) Android 10 Rugged Phones, 13MP+5MP Waterproof Cameras, IP68 Smartphone, NFC, OTG, 4G Dual Sim, 5.0 Inch Screen, 4G RAM 32GB ROM, 4000mAh Battery, GPS, Bluetooth, WIFI-Orange;"
$139.99
"
RCA M1 4.0 Unlocked Cell Phone, Dual SIM, 5MP Camera, Android 4.4, 1.3GHz (White);"
$159.99
"
"Xiaomi Redmi Note 8 6.3"" 64GB 4GB RAM (GSM Only, No CDMA) Internationa Version - No Warranty (Space Black)";"
$179.00
"
"UMIDIGI A7 Pro Unlocked Cell Phones(4GB+64GB) 6.3"" FHD+ Full Screen, 4150mAh High Capacity Battery Smartphone with 16MP AI Quad Camera, Android 10 and Dual 4G Volte.";"
$145.00
"
Samsung Galaxy S20 FE 5G | Factory Unlocked Android Cell Phone | 128 GB | US Version Smartphone | Pro-Grade Camera, 30X Space Zoom, Night Mode | Cloud Mint Green;"
$549.00
"
Samsung Galaxy Note 10, 256GB, Aura Glow - Fully Unlocked (Renewed);"
$549.99
"
"Pen Mini Cell Phone Bluetooth Dialer 0.96"" Tiny Screen Mobile Phone Support GSM Dual SIM Max 32G TF Card with Camera Flashlight FM Radio Music Player Rechargeable (Black)";"
$35.99
"
"LG G8 ThinQ (128GB, 6GB RAM) 6.1"" QHD+ OLED FullVision Display, Crystal Sound OLED Speaker, Hand ID, Air Motion, 4G LTE (Only for T-Mobile &amp; Its MVNO's) (Renewed) (Aurora Black)";"
$274.99
"
Unlocked Smartphone CUBOT X19 4GB RAM+64GB Cell Phone, 4000mAh, Dual 4G SIM, 5.93 inch FHD Display, Android 9.0 Pie, no Bloatware, T-Mobile, Face ID, Fingerprint, Gradient;"
$119.99
"
"Nokia 7.2 - Android 9.0 Pie - 128 GB - 48MP Triple Camera - Unlocked Smartphone (AT&amp;T/T-Mobile/MetroPCS/Cricket/Mint) - 6.3"" FHD+ HDR Screen - Charcoal - U.S. Warranty";"
$297.00
"
Samsung Galaxy A10s A107-32GB 2GB RAM (GSM Only, No CDMA) International Version, No Warranty (Blue);"
$128.00
"
OnePlus 6T A6013 Dual Sim 128GB/8GB (Mirror Black) - Factory Unlocked - GSM ONLY, NO CDMA (Renewed);"
$214.95
"
Samsung Galaxy S8 - 64GB - Arctic Silver - Verizon + GSM Factory Unlocked 4G LTE (Renewed);"
$217.94
"
"Mini Smartphone Android Phone 2.5"" MTK6580A Quad Core 1GB 8GB Android 6.0 Super Ultrathin Mini Mobile Phone Melrose S9X Small Smart Phone (Black)";"
$70.99
"
"Xiaomi Mi 9T (64GB, 6GB RAM) 6.39"" AMOLED FHD + Full Screen Display, 48MP Triple Camera, Global 4G LTE Dual SIM GSM Factory Unlocked - International Version, No Warranty (Flame Red)";"
$329.99
"
"Ulefone Armor 8 Rugged Cell Phones Unlocked, Android 10 Helio P60 Octa-core 4GB + 64GB ROM, 16MP Triple Rear Camera + 8MP Front Camera, 6.1"" HD+ 5580mAh Battery Dual SIM 4G Rugged Smartphone -Red";"
$229.99
"
Samsung Galaxy S10e, 128GB, Prism White - Fully Unlocked (Renewed);"
$364.92
"
Samsung Galaxy S10+, 128GB, Prism White - For Verizon (Renewed);"
$489.95
"
"Huawei Honor 8X (64GB + 4GB RAM) 6.5"" HD 4G LTE GSM Factory Unlocked Smartphone - International Version No Warranty JSN-L23 (Black)";"
$199.99
"
